{
  "name": "uesrpg-character-creator",
  "title": "UESRPG Character Creator",
  "description": "A module to assist in creating characters for the UESRPG system.",
  "version": "1.0.0",
  "author": "Your Name",
  "systems": ["uesrpg"],
  "esmodules": ["scripts/main.js"],
  "styles": ["styles/styles.css"],
  "packs": [],
  "url": "https://github.com/your-repo/uesrpg-character-creator",
  "manifest": "https://raw.githubusercontent.com/your-repo/uesrpg-character-creator/main/module.json",
  "download": "https://github.com/your-repo/uesrpg-character-creator/archive/main.zip"
}